{
  "epoch": [
    1,
    2,
    3,
    4,
    5,
    6,
    7,
    8,
    9,
    10
  ],
  "train_loss": [
    0.5388492613941275,
    0.49295969845924403,
    0.4755011473626324,
    0.4528871352828418,
    0.44051054122302874,
    0.44225762131785556,
    0.4052701409735418,
    0.4048338105900676,
    0.3972261520277549,
    0.40032746337751623
  ],
  "val_loss": [
    0.5718255728078644,
    0.521938724755162,
    0.5320514071041642,
    0.4648188352584839,
    0.4599869189219237,
    0.44869078635090615,
    0.45734910161247083,
    0.5215937864726485,
    0.5134557418154375,
    0.43533523158250353
  ],
  "train_acc": [
    0.7295266716754321,
    0.7486851990984222,
    0.7528174305033809,
    0.7877535687453043,
    0.7873779113448535,
    0.7930127723516154,
    0.8065364387678438,
    0.80954169797145,
    0.8245679939894816,
    0.8204357625845229
  ],
  "val_acc": [
    0.7081447963800905,
    0.753393665158371,
    0.755656108597285,
    0.7828054298642534,
    0.7782805429864253,
    0.8099547511312217,
    0.8009049773755657,
    0.755656108597285,
    0.7624434389140271,
    0.8076923076923077
  ],
  "val_f1": [
    0.6683804627249358,
    0.7470997679814385,
    0.7702127659574468,
    0.7876106194690266,
    0.7831858407079646,
    0.7971014492753623,
    0.8103448275862069,
    0.7049180327868853,
    0.7870182555780934,
    0.8187633262260128
  ]
}