{
  "bird": {
    "precision": 0.959349593495935,
    "recall": 0.9752066115702479,
    "f1-score": 0.9672131147540983,
    "support": 121.0
  },
  "drone": {
    "precision": 0.967391304347826,
    "recall": 0.9468085106382979,
    "f1-score": 0.956989247311828,
    "support": 94.0
  },
  "accuracy": 0.9627906976744186,
  "macro avg": {
    "precision": 0.9633704489218805,
    "recall": 0.9610075611042729,
    "f1-score": 0.9621011810329632,
    "support": 215.0
  },
  "weighted avg": {
    "precision": 0.9628655042869944,
    "recall": 0.9627906976744186,
    "f1-score": 0.962743144802594,
    "support": 215.0
  }
}